YEAR,PRECTOTCORR,T2M_RANGE
2019,10.542426655251141,7.835429223744292
